{
  "config": {
    "max_tokens": 2048,
    "num_prompts": 3,
    "device": "cuda"
  },
  "stats": [
    {
      "model": "baguettotron",
      "num_params_m": 320.956992,
      "model_memory_mb": 612.236328125,
      "peak_memory_mb": 759.78466796875,
      "kv_cache_mb": 147.54833984375,
      "total_tokens": 5139,
      "total_time_s": 357.8129616449878,
      "overall_tok_per_s": 14.362252212368915,
      "mean_prefill_ms": 84.35991733373764,
      "mean_token_ms": 69.29817902777617,
      "std_token_ms": 6.111365037992663,
      "position_stats": {
        "0-100": {
          "mean_ms": 68.38932389694189,
          "std_ms": 4.136734294910222,
          "count": 300
        },
        "100-200": {
          "mean_ms": 67.82080889621284,
          "std_ms": 4.157831445737063,
          "count": 300
        },
        "200-300": {
          "mean_ms": 69.71201700876311,
          "std_ms": 5.765471510400941,
          "count": 300
        },
        "300-400": {
          "mean_ms": 70.57510093669407,
          "std_ms": 8.65575230410824,
          "count": 300
        },
        "400-500": {
          "mean_ms": 67.83613612361175,
          "std_ms": 4.338463054673835,
          "count": 300
        },
        "500-600": {
          "mean_ms": 70.73348484836363,
          "std_ms": 7.746218269353251,
          "count": 300
        },
        "600-700": {
          "mean_ms": 70.74655061704107,
          "std_ms": 7.7197270921380365,
          "count": 300
        },
        "700-800": {
          "mean_ms": 68.89817056740867,
          "std_ms": 5.158807218018678,
          "count": 300
        },
        "800-900": {
          "mean_ms": 68.05889377370477,
          "std_ms": 4.168512129421394,
          "count": 300
        },
        "900-1000": {
          "mean_ms": 69.84802610105059,
          "std_ms": 6.820283949503791,
          "count": 300
        },
        "1000-1100": {
          "mean_ms": 70.62956167853518,
          "std_ms": 7.798131374010245,
          "count": 243
        },
        "1100-1200": {
          "mean_ms": 68.79682750455686,
          "std_ms": 5.182638655615314,
          "count": 200
        },
        "1200-1300": {
          "mean_ms": 70.41809653877863,
          "std_ms": 9.42167107969947,
          "count": 200
        },
        "1300-1400": {
          "mean_ms": 68.13390077993972,
          "std_ms": 2.843029221692983,
          "count": 200
        },
        "1400-1500": {
          "mean_ms": 69.6921862445015,
          "std_ms": 5.3534819174784065,
          "count": 200
        },
        "1500-1600": {
          "mean_ms": 67.58703158076969,
          "std_ms": 3.6907749312791354,
          "count": 200
        },
        "1600-1700": {
          "mean_ms": 69.29757790043368,
          "std_ms": 6.778387086514522,
          "count": 200
        },
        "1700-1800": {
          "mean_ms": 69.58378781520878,
          "std_ms": 4.818555484059169,
          "count": 200
        },
        "1800-1900": {
          "mean_ms": 69.4343922198459,
          "std_ms": 4.722884294775256,
          "count": 200
        },
        "1900-2000": {
          "mean_ms": 70.3173204799532,
          "std_ms": 6.169604534069273,
          "count": 200
        },
        "2000-2100": {
          "mean_ms": 67.9147248304984,
          "std_ms": 2.469067226364346,
          "count": 94
        }
      }
    }
  ]
}